handle,title,vendor,collection,price,compare_at,sku,tags,badge,badge_tone,description,fit,fabric_care,color,color_hex,size,stock
marigold-tiered-maxi,Marigold Tiered Maxi,Bora's House Label,Dresses,98,,BB-1000,dresses;new;full-price,Just in,new,"Hand-picked in Naples. Soft, easy and made to live in from brunch on Fifth to sunset on the pier.",Relaxed through the body with a defined waist. Runs true to size.,,Blush,#F2D2C8,XS,1
marigold-tiered-maxi,,,,,,,,,,,,,Blush,,S,4
marigold-tiered-maxi,,,,,,,,,,,,,Blush,,M,3
marigold-tiered-maxi,,,,,,,,,,,,,Blush,,L,2
marigold-tiered-maxi,,,,,,,,,,,,,Blush,,XL,1
marigold-tiered-maxi,,,,,,,,,,,,,Sage,#C2CDB8,XS,2
marigold-tiered-maxi,,,,,,,,,,,,,Sage,,S,1
marigold-tiered-maxi,,,,,,,,,,,,,Sage,,M,4
marigold-tiered-maxi,,,,,,,,,,,,,Sage,,L,3
marigold-tiered-maxi,,,,,,,,,,,,,Sage,,XL,2
wren-smocked-midi,Wren Smocked Midi,Saltgrass Co.,Dresses,88,128,BB-1001,dresses;core;sale,30% off,sale,"Hand-picked in Naples. Soft, easy and made to live in from brunch on Fifth to sunset on the pier.",Relaxed through the body with a defined waist. Runs true to size.,,Cream,#FAF4E9,XS,4
wren-smocked-midi,,,,,,,,,,,,,Cream,,S,3
wren-smocked-midi,,,,,,,,,,,,,Cream,,M,2
wren-smocked-midi,,,,,,,,,,,,,Cream,,L,1
wren-smocked-midi,,,,,,,,,,,,,Cream,,XL,4
wren-smocked-midi,,,,,,,,,,,,,Terra,#C97B54,XS,1
wren-smocked-midi,,,,,,,,,,,,,Terra,,S,4
wren-smocked-midi,,,,,,,,,,,,,Terra,,M,3
wren-smocked-midi,,,,,,,,,,,,,Terra,,L,2
wren-smocked-midi,,,,,,,,,,,,,Terra,,XL,1
sanibel-floral-maxi,Sanibel Floral Maxi,Bora's House Label,Dresses,114,,BB-1002,dresses;core;full-price,,,"Hand-picked in Naples. Soft, easy and made to live in from brunch on Fifth to sunset on the pier.",Relaxed through the body with a defined waist. Runs true to size.,,Rose,#CE8484,XS,3
sanibel-floral-maxi,,,,,,,,,,,,,Rose,,S,2
sanibel-floral-maxi,,,,,,,,,,,,,Rose,,M,0
sanibel-floral-maxi,,,,,,,,,,,,,Rose,,L,4
sanibel-floral-maxi,,,,,,,,,,,,,Rose,,XL,3
sanibel-floral-maxi,,,,,,,,,,,,,Sky,#C6D3DA,XS,4
sanibel-floral-maxi,,,,,,,,,,,,,Sky,,S,3
sanibel-floral-maxi,,,,,,,,,,,,,Sky,,M,0
sanibel-floral-maxi,,,,,,,,,,,,,Sky,,L,1
sanibel-floral-maxi,,,,,,,,,,,,,Sky,,XL,4
juniper-cotton-slip,Juniper Cotton Slip,Dune & Dust,Dresses,72,,BB-1003,dresses;new;full-price,,,"Hand-picked in Naples. Soft, easy and made to live in from brunch on Fifth to sunset on the pier.",Relaxed through the body with a defined waist. Runs true to size.,,Ivory,#FDFAF4,XS,2
juniper-cotton-slip,,,,,,,,,,,,,Ivory,,S,1
juniper-cotton-slip,,,,,,,,,,,,,Ivory,,M,4
juniper-cotton-slip,,,,,,,,,,,,,Ivory,,L,3
juniper-cotton-slip,,,,,,,,,,,,,Ivory,,XL,2
juniper-cotton-slip,,,,,,,,,,,,,Sage,#C2CDB8,XS,3
juniper-cotton-slip,,,,,,,,,,,,,Sage,,S,2
juniper-cotton-slip,,,,,,,,,,,,,Sage,,M,1
juniper-cotton-slip,,,,,,,,,,,,,Sage,,L,4
juniper-cotton-slip,,,,,,,,,,,,,Sage,,XL,3
naples-sunset-wrap-dress,Naples Sunset Wrap Dress,Bora's House Label,Dresses,104,,BB-1004,dresses;core;full-price,,,"Hand-picked in Naples. Soft, easy and made to live in from brunch on Fifth to sunset on the pier.",Relaxed through the body with a defined waist. Runs true to size.,,Terra,#C97B54,XS,1
naples-sunset-wrap-dress,,,,,,,,,,,,,Terra,,S,4
naples-sunset-wrap-dress,,,,,,,,,,,,,Terra,,M,3
naples-sunset-wrap-dress,,,,,,,,,,,,,Terra,,L,2
naples-sunset-wrap-dress,,,,,,,,,,,,,Terra,,XL,1
naples-sunset-wrap-dress,,,,,,,,,,,,,Blush,#F2D2C8,XS,2
naples-sunset-wrap-dress,,,,,,,,,,,,,Blush,,S,1
naples-sunset-wrap-dress,,,,,,,,,,,,,Blush,,M,4
naples-sunset-wrap-dress,,,,,,,,,,,,,Blush,,L,3
naples-sunset-wrap-dress,,,,,,,,,,,,,Blush,,XL,2
mangrove-eyelet-mini,Mangrove Eyelet Mini,Saltgrass Co.,Dresses,68,,BB-1005,dresses;core;full-price,,,"Hand-picked in Naples. Soft, easy and made to live in from brunch on Fifth to sunset on the pier.",Relaxed through the body with a defined waist. Runs true to size.,,Ivory,#FDFAF4,XS,4
mangrove-eyelet-mini,,,,,,,,,,,,,Ivory,,S,3
mangrove-eyelet-mini,,,,,,,,,,,,,Ivory,,M,2
mangrove-eyelet-mini,,,,,,,,,,,,,Ivory,,L,1
mangrove-eyelet-mini,,,,,,,,,,,,,Ivory,,XL,4
mangrove-eyelet-mini,,,,,,,,,,,,,Blush,#F2D2C8,XS,1
mangrove-eyelet-mini,,,,,,,,,,,,,Blush,,S,4
mangrove-eyelet-mini,,,,,,,,,,,,,Blush,,M,3
mangrove-eyelet-mini,,,,,,,,,,,,,Blush,,L,2
mangrove-eyelet-mini,,,,,,,,,,,,,Blush,,XL,1
pelican-bay-linen-maxi,Pelican Bay Linen Maxi,Palma Row,Dresses,132,,BB-1006,dresses;new;full-price;linen,,,"Hand-picked in Naples. Soft, easy and made to live in from brunch on Fifth to sunset on the pier.",Relaxed through the body with a defined waist. Runs true to size.,"100% linen. Machine wash cold on gentle, hang to dry.",Cream,#FAF4E9,XS,3
pelican-bay-linen-maxi,,,,,,,,,,,,,Cream,,S,0
pelican-bay-linen-maxi,,,,,,,,,,,,,Cream,,M,1
pelican-bay-linen-maxi,,,,,,,,,,,,,Cream,,L,4
pelican-bay-linen-maxi,,,,,,,,,,,,,Cream,,XL,3
pelican-bay-linen-maxi,,,,,,,,,,,,,Olive,#8C9C80,XS,4
pelican-bay-linen-maxi,,,,,,,,,,,,,Olive,,S,0
pelican-bay-linen-maxi,,,,,,,,,,,,,Olive,,M,2
pelican-bay-linen-maxi,,,,,,,,,,,,,Olive,,L,1
pelican-bay-linen-maxi,,,,,,,,,,,,,Olive,,XL,4
gulfshore-tie-back-midi,Gulfshore Tie-Back Midi,Bora's House Label,Dresses,94,124,BB-1007,dresses;core;sale,Sale,sale,"Hand-picked in Naples. Soft, easy and made to live in from brunch on Fifth to sunset on the pier.",Relaxed through the body with a defined waist. Runs true to size.,,Rose,#CE8484,XS,2
gulfshore-tie-back-midi,,,,,,,,,,,,,Rose,,S,1
gulfshore-tie-back-midi,,,,,,,,,,,,,Rose,,M,4
gulfshore-tie-back-midi,,,,,,,,,,,,,Rose,,L,3
gulfshore-tie-back-midi,,,,,,,,,,,,,Rose,,XL,2
gulfshore-tie-back-midi,,,,,,,,,,,,,Cream,#FAF4E9,XS,3
gulfshore-tie-back-midi,,,,,,,,,,,,,Cream,,S,2
gulfshore-tie-back-midi,,,,,,,,,,,,,Cream,,M,1
gulfshore-tie-back-midi,,,,,,,,,,,,,Cream,,L,4
gulfshore-tie-back-midi,,,,,,,,,,,,,Cream,,XL,3
poppy-embroidered-blouse,Poppy Embroidered Blouse,Bora's House Label,Tops,58,,BB-1008,tops;core;full-price,Just in,new,"Hand-picked in Naples. Soft, easy and made to live in from brunch on Fifth to sunset on the pier.","Easy, relaxed fit. Runs true to size.",,Ivory,#FDFAF4,XS,1
poppy-embroidered-blouse,,,,,,,,,,,,,Ivory,,S,4
poppy-embroidered-blouse,,,,,,,,,,,,,Ivory,,M,3
poppy-embroidered-blouse,,,,,,,,,,,,,Ivory,,L,2
poppy-embroidered-blouse,,,,,,,,,,,,,Ivory,,XL,1
poppy-embroidered-blouse,,,,,,,,,,,,,Blush,#F2D2C8,XS,2
poppy-embroidered-blouse,,,,,,,,,,,,,Blush,,S,1
poppy-embroidered-blouse,,,,,,,,,,,,,Blush,,M,4
poppy-embroidered-blouse,,,,,,,,,,,,,Blush,,L,3
poppy-embroidered-blouse,,,,,,,,,,,,,Blush,,XL,2
clementine-smocked-top,Clementine Smocked Top,Saltgrass Co.,Tops,48,78,BB-1009,tops;new;sale,40% off,sale,"Hand-picked in Naples. Soft, easy and made to live in from brunch on Fifth to sunset on the pier.","Easy, relaxed fit. Runs true to size.",,Cream,#FAF4E9,XS,4
clementine-smocked-top,,,,,,,,,,,,,Cream,,S,3
clementine-smocked-top,,,,,,,,,,,,,Cream,,M,2
clementine-smocked-top,,,,,,,,,,,,,Cream,,L,1
clementine-smocked-top,,,,,,,,,,,,,Cream,,XL,4
clementine-smocked-top,,,,,,,,,,,,,Terra,#C97B54,XS,1
clementine-smocked-top,,,,,,,,,,,,,Terra,,S,4
clementine-smocked-top,,,,,,,,,,,,,Terra,,M,3
clementine-smocked-top,,,,,,,,,,,,,Terra,,L,2
clementine-smocked-top,,,,,,,,,,,,,Terra,,XL,1
fern-crochet-tank,Fern Crochet Tank,Dune & Dust,Tops,44,,BB-1010,tops;core;full-price,,,"Hand-picked in Naples. Soft, easy and made to live in from brunch on Fifth to sunset on the pier.","Easy, relaxed fit. Runs true to size.",,Sage,#C2CDB8,XS,0
fern-crochet-tank,,,,,,,,,,,,,Sage,,S,2
fern-crochet-tank,,,,,,,,,,,,,Sage,,M,1
fern-crochet-tank,,,,,,,,,,,,,Sage,,L,4
fern-crochet-tank,,,,,,,,,,,,,Sage,,XL,3
fern-crochet-tank,,,,,,,,,,,,,Ivory,#FDFAF4,XS,0
fern-crochet-tank,,,,,,,,,,,,,Ivory,,S,3
fern-crochet-tank,,,,,,,,,,,,,Ivory,,M,2
fern-crochet-tank,,,,,,,,,,,,,Ivory,,L,1
fern-crochet-tank,,,,,,,,,,,,,Ivory,,XL,4
bayshore-puff-sleeve-top,Bayshore Puff-Sleeve Top,Palma Row,Tops,62,,BB-1011,tops;core;full-price,,,"Hand-picked in Naples. Soft, easy and made to live in from brunch on Fifth to sunset on the pier.","Easy, relaxed fit. Runs true to size.",,Blush,#F2D2C8,XS,2
bayshore-puff-sleeve-top,,,,,,,,,,,,,Blush,,S,1
bayshore-puff-sleeve-top,,,,,,,,,,,,,Blush,,M,4
bayshore-puff-sleeve-top,,,,,,,,,,,,,Blush,,L,3
bayshore-puff-sleeve-top,,,,,,,,,,,,,Blush,,XL,2
bayshore-puff-sleeve-top,,,,,,,,,,,,,Cream,#FAF4E9,XS,3
bayshore-puff-sleeve-top,,,,,,,,,,,,,Cream,,S,2
bayshore-puff-sleeve-top,,,,,,,,,,,,,Cream,,M,1
bayshore-puff-sleeve-top,,,,,,,,,,,,,Cream,,L,4
bayshore-puff-sleeve-top,,,,,,,,,,,,,Cream,,XL,3
willow-linen-button-down,Willow Linen Button-Down,Bora's House Label,Tops,66,,BB-1012,tops;new;full-price;linen,,,"Hand-picked in Naples. Soft, easy and made to live in from brunch on Fifth to sunset on the pier.","Easy, relaxed fit. Runs true to size.","100% linen. Machine wash cold on gentle, hang to dry.",Ivory,#FDFAF4,XS,1
willow-linen-button-down,,,,,,,,,,,,,Ivory,,S,4
willow-linen-button-down,,,,,,,,,,,,,Ivory,,M,3
willow-linen-button-down,,,,,,,,,,,,,Ivory,,L,2
willow-linen-button-down,,,,,,,,,,,,,Ivory,,XL,1
willow-linen-button-down,,,,,,,,,,,,,Sky,#C6D3DA,XS,2
willow-linen-button-down,,,,,,,,,,,,,Sky,,S,1
willow-linen-button-down,,,,,,,,,,,,,Sky,,M,4
willow-linen-button-down,,,,,,,,,,,,,Sky,,L,3
willow-linen-button-down,,,,,,,,,,,,,Sky,,XL,2
coquina-ruffle-cami,Coquina Ruffle Cami,Saltgrass Co.,Tops,38,,BB-1013,tops;core;full-price,,,"Hand-picked in Naples. Soft, easy and made to live in from brunch on Fifth to sunset on the pier.","Easy, relaxed fit. Runs true to size.",,Rose,#CE8484,XS,4
coquina-ruffle-cami,,,,,,,,,,,,,Rose,,S,3
coquina-ruffle-cami,,,,,,,,,,,,,Rose,,M,2
coquina-ruffle-cami,,,,,,,,,,,,,Rose,,L,1
coquina-ruffle-cami,,,,,,,,,,,,,Rose,,XL,4
coquina-ruffle-cami,,,,,,,,,,,,,Cream,#FAF4E9,XS,1
coquina-ruffle-cami,,,,,,,,,,,,,Cream,,S,4
coquina-ruffle-cami,,,,,,,,,,,,,Cream,,M,3
coquina-ruffle-cami,,,,,,,,,,,,,Cream,,L,2
coquina-ruffle-cami,,,,,,,,,,,,,Cream,,XL,1
sawgrass-tie-front-top,Sawgrass Tie-Front Top,Dune & Dust,Tops,52,,BB-1014,tops;core;full-price,,,"Hand-picked in Naples. Soft, easy and made to live in from brunch on Fifth to sunset on the pier.","Easy, relaxed fit. Runs true to size.",,Terra,#C97B54,XS,3
sawgrass-tie-front-top,,,,,,,,,,,,,Terra,,S,2
sawgrass-tie-front-top,,,,,,,,,,,,,Terra,,M,1
sawgrass-tie-front-top,,,,,,,,,,,,,Terra,,L,4
sawgrass-tie-front-top,,,,,,,,,,,,,Terra,,XL,0
sawgrass-tie-front-top,,,,,,,,,,,,,Sage,#C2CDB8,XS,4
sawgrass-tie-front-top,,,,,,,,,,,,,Sage,,S,3
sawgrass-tie-front-top,,,,,,,,,,,,,Sage,,M,2
sawgrass-tie-front-top,,,,,,,,,,,,,Sage,,L,1
sawgrass-tie-front-top,,,,,,,,,,,,,Sage,,XL,0
everglade-wide-leg-linen-pant,Everglade Wide-Leg Linen Pant,Bora's House Label,Bottoms,78,,BB-1015,bottoms;new;full-price;linen,,,"Hand-picked in Naples. Soft, easy and made to live in from brunch on Fifth to sunset on the pier.",High rise with a relaxed leg. Runs true to size.,"100% linen. Machine wash cold on gentle, hang to dry.",Cream,#FAF4E9,XS,2
everglade-wide-leg-linen-pant,,,,,,,,,,,,,Cream,,S,1
everglade-wide-leg-linen-pant,,,,,,,,,,,,,Cream,,M,4
everglade-wide-leg-linen-pant,,,,,,,,,,,,,Cream,,L,3
everglade-wide-leg-linen-pant,,,,,,,,,,,,,Cream,,XL,2
everglade-wide-leg-linen-pant,,,,,,,,,,,,,Olive,#8C9C80,XS,3
everglade-wide-leg-linen-pant,,,,,,,,,,,,,Olive,,S,2
everglade-wide-leg-linen-pant,,,,,,,,,,,,,Olive,,M,1
everglade-wide-leg-linen-pant,,,,,,,,,,,,,Olive,,L,4
everglade-wide-leg-linen-pant,,,,,,,,,,,,,Olive,,XL,3
tideline-denim-short,Tideline Denim Short,Palma Row,Bottoms,56,,BB-1016,bottoms;core;full-price,,,"Hand-picked in Naples. Soft, easy and made to live in from brunch on Fifth to sunset on the pier.",High rise with a relaxed leg. Runs true to size.,,Sky,#C6D3DA,XS,1
tideline-denim-short,,,,,,,,,,,,,Sky,,S,4
tideline-denim-short,,,,,,,,,,,,,Sky,,M,3
tideline-denim-short,,,,,,,,,,,,,Sky,,L,2
tideline-denim-short,,,,,,,,,,,,,Sky,,XL,1
tideline-denim-short,,,,,,,,,,,,,Ivory,#FDFAF4,XS,2
tideline-denim-short,,,,,,,,,,,,,Ivory,,S,1
tideline-denim-short,,,,,,,,,,,,,Ivory,,M,4
tideline-denim-short,,,,,,,,,,,,,Ivory,,L,3
tideline-denim-short,,,,,,,,,,,,,Ivory,,XL,2
vanderbilt-tiered-skirt,Vanderbilt Tiered Skirt,Bora's House Label,Bottoms,72,98,BB-1017,bottoms;core;sale,Sale,sale,"Hand-picked in Naples. Soft, easy and made to live in from brunch on Fifth to sunset on the pier.",High rise with a relaxed leg. Runs true to size.,,Blush,#F2D2C8,XS,4
vanderbilt-tiered-skirt,,,,,,,,,,,,,Blush,,S,3
vanderbilt-tiered-skirt,,,,,,,,,,,,,Blush,,M,2
vanderbilt-tiered-skirt,,,,,,,,,,,,,Blush,,L,1
vanderbilt-tiered-skirt,,,,,,,,,,,,,Blush,,XL,4
vanderbilt-tiered-skirt,,,,,,,,,,,,,Sand,#E2D2BE,XS,1
vanderbilt-tiered-skirt,,,,,,,,,,,,,Sand,,S,4
vanderbilt-tiered-skirt,,,,,,,,,,,,,Sand,,M,3
vanderbilt-tiered-skirt,,,,,,,,,,,,,Sand,,L,2
vanderbilt-tiered-skirt,,,,,,,,,,,,,Sand,,XL,1
seagrape-linen-set,Seagrape Linen Set,Bora's House Label,Matching Sets,128,,BB-1018,matching sets;new;full-price;linen,Just in,new,"Hand-picked in Naples. Soft, easy and made to live in from brunch on Fifth to sunset on the pier.","Relaxed fit, sold as a set. Runs true to size.","100% linen. Machine wash cold on gentle, hang to dry.",Sage,#C2CDB8,XS,3
seagrape-linen-set,,,,,,,,,,,,,Sage,,S,2
seagrape-linen-set,,,,,,,,,,,,,Sage,,M,1
seagrape-linen-set,,,,,,,,,,,,,Sage,,L,0
seagrape-linen-set,,,,,,,,,,,,,Sage,,XL,3
seagrape-linen-set,,,,,,,,,,,,,Cream,#FAF4E9,XS,4
seagrape-linen-set,,,,,,,,,,,,,Cream,,S,3
seagrape-linen-set,,,,,,,,,,,,,Cream,,M,2
seagrape-linen-set,,,,,,,,,,,,,Cream,,L,0
seagrape-linen-set,,,,,,,,,,,,,Cream,,XL,4
barefoot-gauze-set,Barefoot Gauze Set,Dune & Dust,Matching Sets,112,,BB-1019,matching sets;core;full-price,,,"Hand-picked in Naples. Soft, easy and made to live in from brunch on Fifth to sunset on the pier.","Relaxed fit, sold as a set. Runs true to size.",,Ivory,#FDFAF4,XS,2
barefoot-gauze-set,,,,,,,,,,,,,Ivory,,S,1
barefoot-gauze-set,,,,,,,,,,,,,Ivory,,M,4
barefoot-gauze-set,,,,,,,,,,,,,Ivory,,L,3
barefoot-gauze-set,,,,,,,,,,,,,Ivory,,XL,2
barefoot-gauze-set,,,,,,,,,,,,,Blush,#F2D2C8,XS,3
barefoot-gauze-set,,,,,,,,,,,,,Blush,,S,2
barefoot-gauze-set,,,,,,,,,,,,,Blush,,M,1
barefoot-gauze-set,,,,,,,,,,,,,Blush,,L,4
barefoot-gauze-set,,,,,,,,,,,,,Blush,,XL,3
third-street-knit-set,Third Street Knit Set,Saltgrass Co.,Matching Sets,96,140,BB-1020,matching sets;core;sale,Sale,sale,"Hand-picked in Naples. Soft, easy and made to live in from brunch on Fifth to sunset on the pier.","Relaxed fit, sold as a set. Runs true to size.",,Terra,#C97B54,XS,1
third-street-knit-set,,,,,,,,,,,,,Terra,,S,4
third-street-knit-set,,,,,,,,,,,,,Terra,,M,3
third-street-knit-set,,,,,,,,,,,,,Terra,,L,2
third-street-knit-set,,,,,,,,,,,,,Terra,,XL,1
third-street-knit-set,,,,,,,,,,,,,Cream,#FAF4E9,XS,2
third-street-knit-set,,,,,,,,,,,,,Cream,,S,1
third-street-knit-set,,,,,,,,,,,,,Cream,,M,4
third-street-knit-set,,,,,,,,,,,,,Cream,,L,3
third-street-knit-set,,,,,,,,,,,,,Cream,,XL,2
driftwood-cropped-cardigan,Driftwood Cropped Cardigan,Palma Row,Outerwear,84,,BB-1021,outerwear;new;full-price,,,"Hand-picked in Naples. Soft, easy and made to live in from brunch on Fifth to sunset on the pier.","Relaxed fit, made for layering. Size down for a closer fit.",,Cream,#FAF4E9,XS,4
driftwood-cropped-cardigan,,,,,,,,,,,,,Cream,,S,3
driftwood-cropped-cardigan,,,,,,,,,,,,,Cream,,M,2
driftwood-cropped-cardigan,,,,,,,,,,,,,Cream,,L,1
driftwood-cropped-cardigan,,,,,,,,,,,,,Cream,,XL,4
driftwood-cropped-cardigan,,,,,,,,,,,,,Sand,#E2D2BE,XS,1
driftwood-cropped-cardigan,,,,,,,,,,,,,Sand,,S,4
driftwood-cropped-cardigan,,,,,,,,,,,,,Sand,,M,3
driftwood-cropped-cardigan,,,,,,,,,,,,,Sand,,L,2
driftwood-cropped-cardigan,,,,,,,,,,,,,Sand,,XL,1
sunday-market-linen-jacket,Sunday Market Linen Jacket,Bora's House Label,Outerwear,118,,BB-1022,outerwear;core;full-price;linen,,,"Hand-picked in Naples. Soft, easy and made to live in from brunch on Fifth to sunset on the pier.","Relaxed fit, made for layering. Size down for a closer fit.","100% linen. Machine wash cold on gentle, hang to dry.",Ivory,#FDFAF4,XS,3
sunday-market-linen-jacket,,,,,,,,,,,,,Ivory,,S,2
sunday-market-linen-jacket,,,,,,,,,,,,,Ivory,,M,0
sunday-market-linen-jacket,,,,,,,,,,,,,Ivory,,L,4
sunday-market-linen-jacket,,,,,,,,,,,,,Ivory,,XL,3
sunday-market-linen-jacket,,,,,,,,,,,,,Olive,#8C9C80,XS,4
sunday-market-linen-jacket,,,,,,,,,,,,,Olive,,S,3
sunday-market-linen-jacket,,,,,,,,,,,,,Olive,,M,0
sunday-market-linen-jacket,,,,,,,,,,,,,Olive,,L,1
sunday-market-linen-jacket,,,,,,,,,,,,,Olive,,XL,4
raffia-slide-sandal,Raffia Slide Sandal,Dune & Dust,Shoes,68,,BB-1023,shoes;core;full-price,,,"Hand-picked in Naples. Soft, easy and made to live in from brunch on Fifth to sunset on the pier.","Whole sizes only. Between sizes, size up.",,Sand,#E2D2BE,6,2
raffia-slide-sandal,,,,,,,,,,,,,Sand,,7,1
raffia-slide-sandal,,,,,,,,,,,,,Sand,,8,4
raffia-slide-sandal,,,,,,,,,,,,,Sand,,9,3
raffia-slide-sandal,,,,,,,,,,,,,Sand,,10,2
raffia-slide-sandal,,,,,,,,,,,,,Ivory,#FDFAF4,6,3
raffia-slide-sandal,,,,,,,,,,,,,Ivory,,7,2
raffia-slide-sandal,,,,,,,,,,,,,Ivory,,8,1
raffia-slide-sandal,,,,,,,,,,,,,Ivory,,9,4
raffia-slide-sandal,,,,,,,,,,,,,Ivory,,10,3
espadrille-ankle-wrap,Espadrille Ankle Wrap,Palma Row,Shoes,82,,BB-1024,shoes;new;full-price,,,"Hand-picked in Naples. Soft, easy and made to live in from brunch on Fifth to sunset on the pier.","Whole sizes only. Between sizes, size up.",,Terra,#C97B54,6,1
espadrille-ankle-wrap,,,,,,,,,,,,,Terra,,7,4
espadrille-ankle-wrap,,,,,,,,,,,,,Terra,,8,3
espadrille-ankle-wrap,,,,,,,,,,,,,Terra,,9,2
espadrille-ankle-wrap,,,,,,,,,,,,,Terra,,10,1
espadrille-ankle-wrap,,,,,,,,,,,,,Cream,#FAF4E9,6,2
espadrille-ankle-wrap,,,,,,,,,,,,,Cream,,7,1
espadrille-ankle-wrap,,,,,,,,,,,,,Cream,,8,4
espadrille-ankle-wrap,,,,,,,,,,,,,Cream,,9,3
espadrille-ankle-wrap,,,,,,,,,,,,,Cream,,10,2
palmetto-raffia-tote,Palmetto Raffia Tote,Dune & Dust,Accessories,64,,BB-1025,accessories;core;full-price,,,"Hand-picked in Naples. Soft, easy and made to live in from brunch on Fifth to sunset on the pier.",,,Sand,#E2D2BE,,2
palmetto-raffia-tote,,,,,,,,,,,,,Ivory,#FDFAF4,,5
straw-wide-brim-hat,Straw Wide-Brim Hat,Dune & Dust,Accessories,46,,BB-1026,accessories;core;full-price,,,"Hand-picked in Naples. Soft, easy and made to live in from brunch on Fifth to sunset on the pier.",,,Sand,#E2D2BE,,3
straw-wide-brim-hat,,,,,,,,,,,,,Cream,#FAF4E9,,6
shellwork-layering-necklace,Shellwork Layering Necklace,Palma Row,Jewelry,34,,BB-1027,jewelry;new;full-price,Just in,new,"Hand-picked in Naples. Soft, easy and made to live in from brunch on Fifth to sunset on the pier.",,,Ivory,#FDFAF4,,4
shellwork-layering-necklace,,,,,,,,,,,,,Sand,#E2D2BE,,2
sunbeam-gold-hoop-trio,Sunbeam Gold Hoop Trio,Bora's House Label,Jewelry,30,48,BB-1028,jewelry;core;sale,Sale,sale,"Hand-picked in Naples. Soft, easy and made to live in from brunch on Fifth to sunset on the pier.",,,Ivory,#FDFAF4,,5
sunbeam-gold-hoop-trio,,,,,,,,,,,,,Sand,#E2D2BE,,3
tidepool-beaded-anklet-set,Tidepool Beaded Anklet Set,Palma Row,Jewelry,32,,BB-1029,jewelry;core;full-price,,,"Hand-picked in Naples. Soft, easy and made to live in from brunch on Fifth to sunset on the pier.",,,Sky,#C6D3DA,,6
tidepool-beaded-anklet-set,,,,,,,,,,,,,Blush,#F2D2C8,,4
cabana-stripe-one-piece,Cabana Stripe One-Piece,Saltgrass Co.,Swim,88,,BB-1030,swim;new;full-price,,,"Hand-picked in Naples. Soft, easy and made to live in from brunch on Fifth to sunset on the pier.",Moderate coverage. Runs true to size.,,Rose,#CE8484,XS,0
cabana-stripe-one-piece,,,,,,,,,,,,,Rose,,S,2
cabana-stripe-one-piece,,,,,,,,,,,,,Rose,,M,1
cabana-stripe-one-piece,,,,,,,,,,,,,Rose,,L,4
cabana-stripe-one-piece,,,,,,,,,,,,,Rose,,XL,3
cabana-stripe-one-piece,,,,,,,,,,,,,Ivory,#FDFAF4,XS,0
cabana-stripe-one-piece,,,,,,,,,,,,,Ivory,,S,3
cabana-stripe-one-piece,,,,,,,,,,,,,Ivory,,M,2
cabana-stripe-one-piece,,,,,,,,,,,,,Ivory,,L,1
cabana-stripe-one-piece,,,,,,,,,,,,,Ivory,,XL,4
sandbar-ribbed-bikini,Sandbar Ribbed Bikini,Saltgrass Co.,Swim,74,,BB-1031,swim;core;full-price,,,"Hand-picked in Naples. Soft, easy and made to live in from brunch on Fifth to sunset on the pier.",Moderate coverage. Runs true to size.,,Terra,#C97B54,XS,2
sandbar-ribbed-bikini,,,,,,,,,,,,,Terra,,S,1
sandbar-ribbed-bikini,,,,,,,,,,,,,Terra,,M,4
sandbar-ribbed-bikini,,,,,,,,,,,,,Terra,,L,3
sandbar-ribbed-bikini,,,,,,,,,,,,,Terra,,XL,2
sandbar-ribbed-bikini,,,,,,,,,,,,,Cream,#FAF4E9,XS,3
sandbar-ribbed-bikini,,,,,,,,,,,,,Cream,,S,2
sandbar-ribbed-bikini,,,,,,,,,,,,,Cream,,M,1
sandbar-ribbed-bikini,,,,,,,,,,,,,Cream,,L,4
sandbar-ribbed-bikini,,,,,,,,,,,,,Cream,,XL,3
